# Prevent git from showing duplicate names with commands like "git shortlog"
# See the manpage of git-shortlog for details.
# The syntax is:
# Name that should be used <email that should be used> Bad name <bad email>
#
# You can skip Bad name if it is the same as the one that should be used, and is unique.
#
# This file is up-to-date if the command git log --format="%aN <%aE>" | sort -u
# gives no duplicates.
Ondřej Čertík <ondrej@certik.cz> Ondrej Certik <ondrej@certik.cz>
Ondřej Čertík <ondrej@certik.cz> ondrej.certik <devnull@localhost>
Ondřej Čertík <ondrej@certik.cz> Ondrej Certik <ondrej.certik@gmail.com>
Ondřej Čertík <ondrej@certik.cz> Ondřej Čertík <ondrej.certik@gmail.com>
Fredrik Johansson <fredrik.johansson@gmail.com> fredrik.johansson <devnull@localhost>
Kirill Smelkov <kirr@landau.phys.spbu.ru> kirill.smelkov <devnull@localhost>
Kirill Smelkov <kirr@landau.phys.spbu.ru> convert-repo <devnull@localhost>
Mateusz Paprocki <mattpap@gmail.com> mattpap <devnull@localhost>
Fabian Pedregosa <fabian@fseoane.net> Fabian Seoane <fabian@fseoane.net>
Fabian Pedregosa <fabian@fseoane.net> fabian <fabian@debian.(none)>
Jason Gedge <inferno1386@gmail.com> inferno1386 <devnull@localhost>
Robert Schwarz <lethargo@googlemail.com> lethargo <devnull@localhost>
Sebastian Krämer <basti.kr@gmail.com> basti.kr <devnull@localhost>
David Roberts <dvdr18@gmail.com> David Roberts (dvdr18 [at] gmail [dot] com) <devnull@localhost>
Saroj Adhikari <adh.saroj@gmail.com> Saroj <adh.saroj@gmail.com>
Rizgar Mella <rizgar.mella@gmail.com> RizgarMella rizgar.mella@gmail.com <RizgarMella rizgar.mella@gmail.com>
Pearu Peterson <pearu.peterson@gmail.com> pearu.peterson <devnull@localhost>
Brian Jorgensen <brian.jorgensen@gmail.com> brian.jorgensen <devnull@localhost>
Chris Wu <chris.wu@gmail.com> Chris.Wu <devnull@localhost>
Jezreel Ng <jezreel@gmail.com>
James Pearson <xiong.chiamiov@gmail.com>
Cristóvão Sousa <crisjss@gmail.com>
Addison Cugini <ajcugini@gmail.com> <addisonc@csmpm4z6d1ax.local>
Addison Cugini <ajcugini@gmail.com> <addisonc@pcp065368pcs.dhcp.calpoly.edu>
Addison Cugini <ajcugini@gmail.com> Addison CUgini
Alan Bromborsky <abrombo@verizon.net> Alan Bromborsky <brombo@GA.(none)>
Alexey U. Gudchenko <proga@goodok.ru> Alexey U. Goodchenko <proga@goodok.ru>
Vinzent Steinberg <vinzent.steinberg@gmail.com> <Vinzent.Steinberg@gmail.com>
Vinzent Steinberg <vinzent.steinberg@gmail.com> <vinzent.steinberg@googlemail.com>
Chris Smith <smichr@gmail.com> Christopher Smith <smichr@gmail.com>
Chris Smith <smichr@gmail.com> smichr <smichr@gmail.com>
Chris Smith <smichr@gmail.com> unknown <Donna Smith@.(none)>
Fredrik Johansson <fredrik.johansson@gmail.com> Fredrik <fredrik.johansson@gmail.com>
Fredrik Johansson <fredrik.johansson@gmail.com> Fredrik Johansson <fredrik@airy.(none)>
Brian E. Granger <ellisonbg@gmail.com> Brian Granger
Jurjen N.E. Bos <jnebos@gmail.com> Jurjen N.E. Bos <devnull@localhost>
Benjamin McDonald <mcdonald.ben@gmail.com> benjaminmcdonald <mcdonald.ben@gmail.com>
Prafullkumar P. Tale <hector1618@gmail.com> hector1618 <hector1618@gmail.com>
Prafullkumar P. Tale <hector1618@gmail.com> hector <hector1618@gmail.com>
Prafullkumar P. Tale <hector1618@gmail.com> Hector <Hector1618@gmail.com>
Øyvind Jensen <jensen.oyvind@gmail.com> jegerjensen
Jeremias Yehdegho <j.yehdegho@gmail.com> jerryy <aevirex@aleph.(none)>
Oleksandr Gituliar <gituliar@gmail.com> oleksandr gituliar
Renato Coutinho <renato.coutinho@gmail.com> renato <renato.coutinho@gmail.com>
Thomas Wiecki <thomas.wiecki@gmail.com> whyking <whyking@Lateralus.(none)>
Thomas Wiecki <thomas.wiecki@gmail.com> <thomas.wieki@gmail.com>
Felix Kaiser <felix.kaiser@fxkr.net> Felix Kaiser <kaiser.fx@gmail.com>
Felix Kaiser <felix.kaiser@fxkr.net> Felix Kaiser <whatfxkr@gmail.com>
Andy R. Terrel <aterrel@uchicago.edu> Andy R. Terrel <aterrel@enthought.com>
Andy R. Terrel <aterrel@uchicago.edu> Andy R. Terrel <andy.terrel@gmail.com>
Nicolas Pourcelot <nicolas.pourcelot@gmail.com> wxgeo <nicolas.pourcelot@gmail.com>
Min Ragan-Kelley <benjaminrk@gmail.com> MinRK <benjaminrk@gmail.com>
Min Ragan-Kelley <benjaminrk@gmail.com> Min RK <benjaminrk@gmail.com>
Bradley Froehle <brad.froehle@gmail.com> Bradley M. Froehle <brad.froehle@gmail.com>
Matthew Rocklin <mrocklin@cs.uchicago.edu> <mrocklin@gmail.com>
Bilal Akhtar <bilalakhtar@ubuntu.com> <bilalakhtar96@yahoo.com>
David Li <l33tnerd.li@gmail.com> <li.davidm96@gmail.com>
David Li <l33tnerd.li@gmail.com> <David@David-PC.(none)>
David Marek <h4wk.cz@gmail.com> <davidm@atrey.karlin.mff.cuni.cz>
Gilbert Gede <gilbertgede@gmail.com> <ggede@ucdavis.edu>
Gilbert Gede <gilbertgede@gmail.com> <ggede@Gilbert-Gedes-MacBook.local>
Ronan Lamy <ronan.lamy@gmail.com> <Ronan.Lamy@normalesup.org>
Toon Verstraelen <Toon.Verstraelen@UGent.be> <toon.verstraelen@gmail.com>
Toon Verstraelen <Toon.Verstraelen@UGent.be> <toon.verstraelen@ugent.be>
Andrej Tokarčík <androsis@gmail.com> Andrej "qwp0" Tokarčík
Goutham Lakshminarayan <dl.goutham@gmail.com> Goutham <devnull@localhost>
Tomáš Bambas <tomas.bambas@gmail.com> Tomas Bambas
Prafullkumar P. Tale <hector1618@gmail.com> hector
Roberto Colistete, Jr. <roberto.colistete@gmail.com> Roberto Colistete-Jr
Robert Cimrman <cimrman3@ntc.zcu.cz> <robert.cimrman@gmail.com>
Raymond Wong <rayman_407@yahoo.com> rayman <rayman@CoolGuyJr.(none)>
Raymond Wong <rayman_407@yahoo.com> rayman <rayman@coolguy.(none)>
Raymond Wong <rayman_407@yahoo.com> rayman <rayman@CoolGuyJr>
Luke Peterson <hazelnusse@gmail.com> Dale Lukas Peterson
Davy Mao <e_equals_mass_speed_light_squared@hotmail.com> icedtrees <e_equals_mass_speed_light_squared@hotmail.com>
Kendhia <kendhia@gmail.com> ALGHeArT <algheart@live.fr>
Nathan Alison <nathan.f.alison@gmail.com> Nathan <nathan@ubuntu.(none)>
Raoul Bourquin <raoulb@bluewin.ch> <raoulb@bluewin.chh>
Raoul Bourquin <raoulb@bluewin.ch> raoulb <raoulb@bluewin.ch>
Raoul Bourquin <raoulb@bluewin.ch> raoul <raoulb@bluewin.ch>
Sachin Irukula <sachin.irukula@gmail.com> sachin irukula <sachin.irukula@gmail.com>
Siddhanathan Shanmugam <siddhanathan@gmail.com> Siddhu <siddhanathan@gmail.com>
Siddhanathan Shanmugam <siddhanathan@gmail.com> Siddhu <siddhu@siddhu-laptop.(none)>
Jim Zhang <Hyriodula@gmail.com> Neynt <Hyriodula@gmail.com>
Angus Griffith <16sn6uv@gmail.com> sn6uv <16sn6uv@gmail.com>
Timothy Reluga <treluga@math.psu.edu> zanzibar7 <tcr-public2@psu.edu>
Saurabh Jha <saurabh.jhaa@gmail.com> Saurabh <saurabh.jhaa@gmail.com>
Joachim Durchholz <jo@durchholz.org> Joachim Durchholz <toolforger@durchholz.org>
Arpit Goyal <agmps18@gmail.com> arpit goyal <agmps18@gmail.com>
Tom Bachmann <e_mc_h2@web.de> Tom Bachmann <ness987@googlemail.com>
Rom le Clair <jacen.guardian@gmail.com> 101man <jacen.guardian@gmail.com>
Manoj Babu K. <manoj.babu2378@gmail.com> Manoj Babu <manoj.babu2378@gmail.com>
Ljubiša Moćić <3rdslasher@gmail.com> Slasher9 <3rdslasher@gmail.com>
Oscar Benjamin <oscar.j.benjamin@gmail.com> <oscar@kar-wench.(none)>
Jens H. Nielsen <jenshnielsen@gmail.com> Jens Hedegaard Nielsen <jenshnielsen@gmail.com>
Alexander Eberspächer <alex.eberspaecher@googlemail.com> aeberspaecher <alex.eberspaecher@googlemail.com>
Niklas Thörne <notrupertthorne@gmail.com> nthorne <notrupertthorne@gmail.com>
Marek Šuppa <mr@shu.io> mr.Shu <mr@shu.io>
Prasoon Shukla <prasoon92.iitr@gmail.com> prasoon2211 <prasoon92.iitr@gmail.com>
Sachin Joglekar <srjoglekar246@gmail.com> srjoglekar246 <srjoglekar246@gmail.com>
Sachin Joglekar <srjoglekar246@gmail.com> root <root@sachin-Inspiron-5520.(none)>
Sachin Joglekar <srjoglekar246@gmail.com> Sachin <srjoglekar246@gmail.com>
Stefen Yin <zqyin@ucdavis.edu> StefenYin <zqyin@ucdavis.edu>
Manoj Kumar <manojkumarsivaraj334@gmail.com> Manoj-Kumar-S <manojkumarsivaraj334@gmail.com>
Benjamin Fishbein <fishbeinb@gmail.com> fishbeinb <fishbeinb@gmail.com>
Chetna Gupta <cheta.gup@gmail.com> chetna <cheta.gup@gmail.com>
Rishabh Dixit <rishabhdixit11@gmail.com> rishabh-git <rishabhdixit11@gmail.com>
Prasoon Shukla <prasoon92.iitr@gmail.com> Prasoon <prasoon92.iitr@gmail.com>
Saurabh Jha <saurabh.jhaa@gmail.com> Saurab Jha <saurabh.jhaa@gmail.com>
Mary Clark <mary.spriteling@gmail.com> Mary Clark <meclark246@gmail.com>
Mary Clark <mary.spriteling@gmail.com> Mary Clark <meclark256@gmail.com>
Mary Clark <mary.spriteling@gmail.com> meclark256 <meclark256@gmail.com>
Akshit Agarwal <akshit.jiit@gmail.com> Akshit <akshit.jiit@gmail.com>
Colleen Lee <colleenclee@gmail.com> Colleen Lee <clee@coursera.org>
Amit Jamadagni <bitsjamadagni@gmail.com> amitjamadagni <bitsjamadagni@gmail.com>
Seshagiri Prabhu <seshagiriprabhu@gmail.com> seshagiriprabhu <seshagiriprabhu@gmail.com>
Shravas K Rao <shravas@gmail.com> shravas <shravas@gmail.com>
Ananya H <ananyaha93@gmail.com> Ananya <ananyaha93@gmail.com>
Nichita Utiu <nikita.utiu+github@gmail.com> Nichita Utiu <nichitautiu@nichitautiu-desktop.(none)>
Matthew Hoff <mhoff14@gmail.com> Matthew Hoff <mhoff@calpoly.edu>
Tarang Patel <tarangrockr@gmail.com> Tarang <tarang@ubuntu.ubuntu-domain>
Thilina Rathnayake <thilinarmtb@gmail.com> Thilina Bandara Rathnayake <thilinarmtb@gmail.com>
Pradyumna <pradyu1993@gmail.com> root <pradyu1993@gmail.com>
Francesco Bonazzi <franz.bonazzi@gmail.com> Fra <none@universe.org>
Dmitry Batkovich <batya239@gmail.com> batya239 <batya239@gmail.com>
Yuriy Demidov <iurii.demidov@gmail.com> Demidov Yuriy <iurii.demidov@gmail.com>
Amit Saha <amitsaha.in@gmail.com> Amit Saha <asaha@redhat.com>
Heiner Kirchhoffer <Heiner.Kirchhoffer@gmail.com> Heiner Kirchhoffer <kirchhoffer@ipam040138mbp.local>
David Joyner <wdjoyner@gmail.com> david joyner <wdj@tinah.(none)>
David Joyner <wdjoyner@gmail.com> david joyner <wdjoyner@gmail.com>
Jason Moore <moorepants@gmail.com> Jason K. Moore <moorepants@gmail.com>
Alkiviadis G. Akritas <akritas@uth.gr> akritas <akritas@uth.gr>
Pablo Puente <ppuedom@gmail.com> <ppuedom@yahoo.com>
Paul Strickland <p.e.strickland@gmail.com> pestrickland <p.e.strickland@gmail.com>
Shipra Banga <bangashipra@gmail.com> shiprabanga <bangashipra@gmail.com>
rathmann <rathmann.os@gmail.com> dad <peter@ubuntu.ubuntu-domain>
Akshay <akshaynukala95@gmail.com> akshayah3 <akshaynukala95@gmail.com>
Rajath S <rajaths.rajaths@gmail.com> rajaths589 <rajaths.rajaths@gmail.com>
Buck Shlegeris <buck2@bruceh15.anu.edu.au> BuckShlegeris <buck2@Bucks-MacBook-Pro.local>
Buck Shlegeris <buck2@bruceh15.anu.edu.au> BuckShlegeris <buck2@bruceh15.anu.edu.au>
Jonathan Miller <jdmiller93@gmail.com> m777z <jdmiller93@gmail.com>
Sambuddha Basu <sammygamer@live.com> sambuddhabasu <sammygamer@live.com>
Aditya Shah <adityashah30@gmail.com> adityashah30 <adityashah30@gmail.com>
Rajat Aggarwal <rajataggarwal1975@gmail.com> rajat974 <rajataggarwal1975@gmail.com>
Patrick Poitras <acebulf@gmail.com> Acebulf <acebulf@gmail.com>
Thomas Hisch <t.hisch@gmail.com> Thomas Hisch <thomas.hisch@ims.co.at>
Sushant Hiray <hiraysushant@gmail.com> sushant <hiraysushant@gmail.com>
Anurag Sharma <anurags92@gmail.com> anurags92 <sharmaan@iitk.ac.in>
Jim Crist <crist042@umn.edu> jcrist <crist042@umn.edu>
Zeel Shah <kshah215@gmail.com> zeel <kshah215@gmail.com>
Dammina Sahabandu <dmsahabandu@gmail.com> dammina <dmsahabandu@gmail.com>
Akshay <akshaynukala95@gmail.com> Akshay <akshayah3@users.noreply.github.com>
Sahil Shekhawat <sahilshekhawat01@gmail.com> sahilshekhawat <sahilshekhawat01@gmail.com>
Kundan Kumar <kundankumar18581@gmail.com> KDMOE <kundankumar18581@gmail.com>
Maciej Baranski <getrox.sc@gmail.com> getrox <getrox.sc@gmail.com>
Zamrath Nizam <zamiguy_ni@yahoo.com> Zamrath <zamiguy.ni@gmail.com>
Dhruvesh Vijay Parikh <parikhdhruvesh1@gmail.com>  Dhruvesh <parikhdhruvesh1@gmail.com>
Fawaz Alazemi <Mba7eth@gmail.com> Mba7eth <Mba7eth@gmail.com>
Thilina Rathnayake <thilinarmtb@gmail.com> Thilina Bandara Rathanyake <thilinarmtb@gmail.com>
Venkatesh Halli <venkatesh.fatality@gmail.com> Venkatesh H <venkatesh.fatality@gmail.com>
Kaushik Varanasi <kaushik.varanasi1@gmail.com> kaushik <kaushik.varanasi1@gmail.com>
Leonid Blouvshtein <leonidbl91@gmail.com> leonidb <leonidbl91@gmail.com>
Duane Nykamp <nykamp@umn.edu> dqnykamp <nykamp@umn.edu>
Shukla <shukla@ubuntu.ubuntu-domain> gamecoder2012 <manish.shukla393@gmail.com>
Mihai A. Ionescu <ionescu.a.mihai@gmail.com> extremeplay <ionescu.a.mihai@gmail.com>
Sarwar Chahal <chahal.sarwar98@gmail.com> sarwarc <chahal.sarwar98@gmail.com>
Hamish Dickson <hamish.dickson@gmail.com> mishyTheBear <hamish.dickson@gmail.com>
Peter Brady <petertbrady@gmail.com> Peter Brady <ptb@lanl.gov>
Peter Brady <petertbrady@gmail.com> peter <petertbrady@gmail.com>
Craig A. Stoudt <craig.stoudt@gmail.com> cstoudt <craig.stoudt@gmail.com>
Raj <raj454raj@gmail.com> raj454raj <raj454raj@gmail.com>
John V. Siratt <jvsiratt@gmail.com> John Siratt <jvsiratt@gmail.com>
Ted Dokos <tdokos@gmail.com> ted-dokos <t.dokos@gmail.com>
Akshat Jain <akshat.jain@students.iiit.ac.in> akshat_jain <akshat.jain@students.iiit.ac.in>
Akshat Jain <akshat.jain@students.iiit.ac.in> jugnu <akshat.jain@students.iiit.ac.in>
Cody Herbst <cyherbst@gmail.com> cody-herbst <cyherbst@gmail.com>
Nishith Shah <nishithshah.2211@gmail.com> nishith <nishithshah.2211@gmail.com>
Nishith Shah <nishithshah.2211@gmail.com> nishithshah2211 <nishithshah.2211@gmail.com>
Tuan Manh Lai <laituan245@gmail.com> laituan245 <laituan245@gmail.com>
Darshan Chaudhary <deathbullet@gmail.com> darshanime <deathbullet@gmail.com>
Jayesh Lahori <jlahori92@gmail.com> jayesh92 <jlahori92@gmail.com>
Lokesh Sharma <lokeshhsharma@gmail.com> Firstname Lastname <your_email@youremail.com>
Aaditya Nair <aadityanair6494@gmail.com> Aaditya M Nair <aadityanair6494@gmail.com>
Alec Kalinin <alec.kalinin@gmail.com> Alexander Kalinin <alec.kalinin@gmail.com>
Guillaume Gay <contact@damcb.com> Guillaume Gay <guillaume@mitotic-machine.org>
Colin B. Macdonald <macdonald@maths.ox.ac.uk> Colin Macdonald <cbm@m.fsf.org>
AMiT Kumar <dtu.amit@gmail.com> Amit Kumar <dtu.amit@gmail.com>
Peleg Michaeli <freepeleg@gmail.com> Peleg Michaeli <peleg@palgo-at.com>
Ramana Venkata <idlike2dream@gmail.com> Ramana Venkata <vramana@users.noreply.github.com>
Ramana Venkata <idlike2dream@gmail.com> Venkata Ramana <idlike2dream@gmail.com>
Shivam Vats <shivamvats.iitkgp@gmail.com> Shivam Vats <aries@aries-Inspiron-3521.(none)>
Asish Panda <asishrocks95@gmail.com> kaichogami <asishrocks95@gmail.com>
Kaushik Varanasi <kaushik.varanasi1@gmail.com> kaushik94 <kaushik.varanasi1@gmail.com>
Lukas Zorich <lukas.zorich@gmail.com> lukas <lukas.zorich@gmail.com>
Štěpán Roučka <stepan@roucka.eu> Stepan Roucka <stepan@roucka.eu>
Juha Remes <jremes@outlook.com> newman101 <jremes@outlook.com>
M R Bharath <catchmrbharath@gmail.com> Bharath M R <catchmrbharath@gmail.com>
Robert (average.programmer) <average.programmer@gmail.com> Robert <average.programmer@gmail.com>
